Year;Rider;Team;Time;sec_from_top;min_from_top;Size;Weight;FLAT;MOUNTAIN;DOWNHILL;COBBLES;TT;PROLOGUE;SPRINT;ACCELERATION;ENDURANCE;RESISTANCE;RECUP;HILL;ATTACK;Pos
2020;pogacar tadej;UAE Team Emirates-2020;87.3347;0;0;176;66;73;80;73;63;73;74;68;75;72;74;75;79;79;1
2020;roglic primoz;Team Jumbo-Visma-2020;87.3511;59;0.983;177;65;74;80;80;64;79;78;68;73;75;78;77;78;78;2
2020;porte richie;Trek-Segafredo-2020;87.3931;210;3.5;172;62;72;79;71;62;75;74;62;71;73;74;74;78;78;3
2020;landa mikel;Bahrain-McLaren-2020;87.4342;358;5.967;173;60;70;80;73;65;71;69;64;73;76;75;81;78;78;4
2020;mas enric;Movistar-2020;87.4367;367;6.117;177;61;73;79;72;60;74;73;69;73;72;76;76;77;75;5
2020;lopez miguel angel;Astana Pro Team-2020;87.4478;407;6.783;164;59;70;80;72;60;71;72;67;76;73;75;76;77;78;6
2020;dumoulin tom;Team Jumbo-Visma-2020;87.4647;468;7.8;185;69;78;80;76;69;81;78;67;71;75;79;79;77;78;7
2020;uran rigoberto;EF Pro Cycling-2020;87.4686;482;8.033;173;63;72;79;74;65;74;73;67;73;76;75;78;78;75;8
2020;yates adam;Mitchelton-Scott-2020;87.4917;565;9.417;173;58;71;80;73;65;72;73;66;76;76;74;75;78;78;9
2020;caruso damiano;Bahrain-McLaren-2020;87.5689;843;14.05;179;67;69;76;70;64;74;72;68;73;72;75;77;75;76;10
2020;martin guillaume;Cofidis-2020;87.6175;1018;16.967;173;55;70;77;70;62;66;65;70;75;76;74;76;77;79;11
2020;valverde alejandro;Movistar-2020;87.6294;1061;17.683;177;61;74;78;79;75;73;73;73;77;77;76;75;81;75;12
2020;carapaz richard;INEOS Grenadiers-2020;87.7661;1553;25.883;170;62;72;80;76;60;72;72;63;76;71;74;79;78;76;13
2020;barguil warren;Arkéa-Samsic-2020;87.8525;1864;31.067;182;61;71;78;77;67;69;70;68;76;73;72;76;76;79;14
2020;kuss sepp;Team Jumbo-Visma-2020;88.0403;2540;42.333;180;64;67;77;68;60;66;64;62;72;71;73;72;75;74;15
2020;bilbao pello;Bahrain-McLaren-2020;88.2669;3356;55.933;174;60;71;78;72;60;73;74;69;75;73;73;77;75;77;16
2020;quintana nairo;Arkéa-Samsic-2020;88.3867;3787;63.117;167;59;71;81;73;66;70;70;62;75;75;73;75;76;76;17
2020;rolland pierre;B&B Hotels-Vital Concept-2020;88.4753;4106;68.433;180;72;67;74;65;61;64;65;61;71;71;68;68;74;76;18
2020;verona carlos;Movistar-2020;88.6664;4794;79.9;186;68;71;74;67;60;66;66;65;69;72;72;71;75;75;19
2020;van aert wout;Team Jumbo-Visma-2020;88.6767;4831;80.517;187;78;77;65;81;79;77;78;76;79;77;79;65;76;79;20
2020;soler marc;Movistar-2020;88.8661;5513;91.883;186;68;72;77;70;69;75;73;65;71;70;76;77;76;77;21
2020;izagirre gorka;Astana Pro Team-2020;88.9381;5772;96.2;176;66;73;76;75;65;73;75;69;72;76;75;71;77;79;22
2020;chaves esteban;Mitchelton-Scott-2020;88.9806;5925;98.75;164;55;70;77;75;60;71;70;66;77;76;72;73;76;77;23
2020;reichenbach sebastien;Groupama-FDJ-2020;88.9922;5967;99.45;178;64;69;77;70;64;71;72;63;71;74;74;76;76;72;24
2020;elissonde kenny;Trek-Segafredo-2020;89.0031;6006;100.1;169;52;66;75;68;60;65;65;61;72;68;72;71;74;68;25
2020;cherel mikael;AG2R La Mondiale-2020;89.0156;6051;100.85;183;67;71;73;72;60;65;65;63;66;74;72;75;74;75;26
2020;madouas valentin;Groupama-FDJ-2020;89.0467;6163;102.717;174;59;75;75;72;70;65;67;71;73;75;76;75;76;77;27
2020;martinez daniel;EF Pro Cycling-2020;89.2547;6912;115.2;174;63;70;77;69;61;74;73;65;76;73;76;76;76;77;28
2020;pinot thibaut;Groupama-FDJ-2020;89.3331;7194;119.9;180;63;72;81;73;65;73;73;67;76;77;73;74;78;81;29
2020;kwiatkowski michal;INEOS Grenadiers-2020;89.4436;7592;126.533;176;68;76;74;81;74;76;78;72;76;81;78;75;79;76;30
2020;sicard romain;Total Direct Energie-2020;89.5519;7982;133.033;179;63;66;73;65;61;70;66;61;65;67;68;73;71;74;31
2020;sanchez luis leon;Astana Pro Team-2020;89.5644;8027;133.783;186;73;74;74;80;62;76;74;69;75;75;76;74;75;81;32
2020;kamna lennard;Bora-hansgrohe-2020;89.5956;8139;135.65;181;65;73;75;69;62;74;73;66;67;67;75;76;74;75;33
2020;bennett george;Team Jumbo-Visma-2020;89.5983;8149;135.817;180;58;69;78;73;60;69;68;64;70;73;75;75;76;75;34
2020;vuillermoz alexis;AG2R La Mondiale-2020;89.6067;8179;136.317;174;60;68;74;73;64;65;66;64;76;75;73;73;77;77;35
2020;alaphilippe julian;Deceuninck-Quick Step-2020;89.6544;8351;139.183;173;62;74;77;81;66;75;75;74;79;76;77;75;82;82;36
2020;carthy hugh;EF Pro Cycling-2020;89.6767;8431;140.517;193;69;68;77;69;60;73;72;61;71;72;72;74;76;79;37
2020;buchmann emanuel;Bora-hansgrohe-2020;89.7006;8517;141.95;181;59;70;80;71;60;73;72;63;69;75;74;77;77;77;38
2020;molard rudy;Groupama-FDJ-2020;89.7828;8813;146.883;178;62;71;73;68;62;68;70;68;73;76;73;76;77;75;39
2020;polanc jan;UAE Team Emirates-2020;89.8331;8994;149.9;172;62;72;76;70;68;70;70;71;74;69;74;74;76;78;40
2020;martin daniel;Israel Start-Up Nation-2020;89.8417;9025;150.417;175;59;69;78;71;66;71;70;68;77;76;73;80;79;82;41
2020;gesink robert;Team Jumbo-Visma-2020;89.8444;9035;150.583;189;70;73;76;67;65;73;72;67;68;75;77;74;75;80;42
2020;jungels bob;Deceuninck-Quick Step-2020;89.8931;9210;153.5;188;70;79;76;76;75;77;76;66;72;78;79;75;76;78;43
2020;herrada jesus;Cofidis-2020;89.9153;9290;154.833;183;70;73;76;74;63;74;75;71;75;72;75;73;78;75;44
2020;tejada harold;Astana Pro Team-2020;89.9519;9422;157.033;180;63;65;72;64;60;65;65;61;68;65;68;64;70;67;45
2020;lutsenko alexey;Astana Pro Team-2020;89.995;9577;159.617;174;74;78;76;73;73;74;74;71;75;75;80;73;75;81;46
2020;houle hugo;Astana Pro Team-2020;89.9997;9594;159.9;185;71;74;71;66;71;72;73;70;69;74;72;70;73;69;47
2020;geschke simon;CCC Team-2020;90.0756;9867;164.45;171;64;72;73;76;64;73;72;67;71;73;76;75;75;77;48
2020;edet nicolas;Cofidis-2020;90.1469;10124;168.733;176;60;69;75;71;63;68;69;64;71;72;71;73;73;81;49
2020;van avermaet greg;CCC Team-2020;90.1653;10190;169.833;181;74;79;71;72;80;71;78;73;79;78;79;74;75;76;50
2020;eg niklas;Trek-Segafredo-2020;90.1692;10204;170.067;183;61;67;75;72;60;65;64;63;73;66;69;68;72;66;51
2020;de gendt thomas;Lotto-Soudal-2020;90.2003;10316;171.933;177;69;75;74;76;67;74;73;66;73;76;80;74;74;83;52
2020;pacher quentin;B&B Hotels-Vital Concept-2020;90.2394;10457;174.283;179;63;71;69;69;60;63;65;70;74;73;73;65;76;73;53
2020;hirschi marc;Team Sunweb-2020;90.2442;10474;174.567;174;61;75;73;78;73;71;72;72;76;77;76;65;76;74;54
2020;oliveira nelson;Movistar-2020;90.3628;10901;181.683;180;67;75;72;68;74;78;77;64;66;75;75;73;73;76;55
2020;powless neilson;EF Pro Cycling-2020;90.3872;10989;183.15;183;67;73;74;71;64;72;71;69;70;71;74;71;73;69;56
2020;schachmann maximilian;Bora-hansgrohe-2020;90.3925;11008;183.467;183;70;77;74;71;72;76;77;72;74;77;78;74;80;79;57
2020;andersen søren kragh;Team Sunweb-2020;90.4419;11186;186.433;178;73;78;72;73;74;75;77;73;74;77;79;76;74;78;58
2020;van baarle dylan;INEOS Grenadiers-2020;90.4631;11262;187.7;187;78;77;73;71;77;75;76;71;73;76;77;78;73;77;59
2020;fraile omar;Astana Pro Team-2020;90.5628;11621;193.683;183;72;72;75;75;63;69;68;70;75;73;77;72;74;80;60
2020;naesen oliver;AG2R La Mondiale-2020;90.7025;12124;202.067;184;72;79;72;68;79;64;67;74;73;79;79;72;73;73;61
2020;bettiol alberto;EF Pro Cycling-2020;90.75;12295;204.917;180;69;76;72;72;78;75;76;72;76;78;77;69;76;78;62
2020;großschartner felix;Bora-hansgrohe-2020;90.7561;12317;205.283;184;64;72;77;66;60;73;74;64;72;73;73;72;75;73;63
2020;roche nicolas;Team Sunweb-2020;90.7883;12433;207.217;178;70;72;75;76;66;72;71;68;68;73;74;73;76;77;64
2020;peters nans;AG2R La Mondiale-2020;90.7975;12466;207.767;177;72;74;73;70;66;65;68;64;69;73;76;72;76;74;65
2020;anacona winner;Arkéa-Samsic-2020;90.8792;12760;212.667;179;65;67;77;66;60;69;68;61;71;71;73;73;75;70;66
2020;hirt jan;CCC Team-2020;90.9175;12898;214.967;181;60;69;76;68;60;66;66;65;69;72;75;77;74;70;67
2020;hermans ben;Israel Start-Up Nation-2020;90.9547;13032;217.2;186;72;73;77;70;66;73;71;66;69;75;76;71;75;78;68
2020;schar michael;CCC Team-2020;90.9833;13135;218.917;198;78;74;71;70;73;70;68;67;67;72;74;74;71;73;69
2020;rojas jose joaquin;Movistar-2020;91.015;13249;220.817;177;70;74;71;73;69;62;66;72;72;74;76;74;76;70;70
2020;stuyven jasper;Trek-Segafredo-2020;91.0158;13252;220.867;186;78;79;68;70;77;69;71;76;76;77;78;73;73;81;71
2020;de la cruz david;UAE Team Emirates-2020;91.0236;13280;221.333;182;66;73;77;74;60;73;72;67;72;68;73;73;75;75;72
2020;valgren michael;NTT Pro Cycling-2020;91.0306;13305;221.75;179;71;76;72;66;77;74;74;70;75;78;77;74;77;79;73
2020;erviti imanol;Movistar-2020;91.1347;13680;228;189;82;75;70;74;72;70;69;64;65;75;73;71;72;74;74
2020;benoot tiesj;Team Sunweb-2020;91.1486;13730;228.833;190;72;78;76;69;78;64;65;71;74;77;78;74;77;79;75
2020;mohoric matej;Bahrain-McLaren-2020;91.1519;13742;229.033;185;72;76;71;83;74;72;74;73;76;75;78;73;76;82;76
2020;amador andrey;INEOS Grenadiers-2020;91.1525;13744;229.067;180;73;74;75;80;72;74;76;69;73;74;75;76;75;73;77
2020;gautier cyril;B&B Hotels-Vital Concept-2020;91.2006;13917;231.95;168;64;71;70;70;64;67;67;69;75;73;72;73;75;79;78
2020;trentin matteo;CCC Team-2020;91.2042;13930;232.167;179;74;79;71;76;76;69;76;77;78;77;77;75;74;76;79
2020;cataldo dario;Movistar-2020;91.2156;13971;232.85;175;64;71;76;73;60;74;73;66;72;73;75;73;74;77;80
2020;skujins toms;Trek-Segafredo-2020;91.2206;13989;233.15;178;70;72;73;75;67;72;72;69;75;74;75;73;77;77;81
2020;laengen vegard stake;UAE Team Emirates-2020;91.2228;13997;233.283;195;79;74;72;71;67;74;72;62;65;72;74;70;71;72;82
2020;bauer jack;Mitchelton-Scott-2020;91.3442;14434;240.567;191;74;75;66;68;74;73;73;67;67;73;74;74;70;73;83
2020;sagan peter;Bora-hansgrohe-2020;91.4056;14655;244.25;184;78;80;69;81;79;73;78;79;81;78;78;79;74;77;84
2020;neilands krists;Israel Start-Up Nation-2020;91.5189;15063;251.05;189;69;73;71;72;65;68;69;71;74;75;75;66;76;75;85
2020;perichon pierre-luc;Cofidis-2020;91.5758;15268;254.467;182;69;73;72;69;68;69;68;71;72;73;74;74;73;81;86
2020;sivakov pavel;INEOS Grenadiers-2020;91.5953;15338;255.633;188;0;73;78;70;64;74;74;65;71;71;75;74;76;74;87
2020;mezgec luka;Mitchelton-Scott-2020;91.62;15427;257.117;183;72;75;69;72;72;64;68;77;79;72;75;75;71;65;88
2020;keukeleire jens;EF Pro Cycling-2020;91.6478;15527;258.783;185;69;78;65;73;77;68;70;75;74;77;76;74;73;74;89
2020;devenyns dries;Deceuninck-Quick Step-2020;91.6794;15641;260.683;177;64;75;73;71;73;69;73;61;70;73;74;71;74;73;90
2020;van garderen tejay;EF Pro Cycling-2020;91.7069;15740;262.333;186;72;73;76;70;65;77;76;64;68;73;75;70;74;73;91
2020;pedersen casper;Team Sunweb-2020;91.7383;15853;264.217;186;74;76;63;68;67;72;72;70;71;72;73;63;69;71;92
2020;colbrelli sonny;Bahrain-McLaren-2020;91.7464;15882;264.7;176;74;76;68;73;75;68;73;77;80;76;78;75;76;70;93
2020;ladagnous matthieu;Groupama-FDJ-2020;91.7492;15892;264.867;182;73;75;66;74;71;69;72;71;72;74;73;68;71;72;94
2020;quintana dayer;Arkéa-Samsic-2020;91.7653;15950;265.833;167;58;66;75;66;60;62;62;65;71;70;68;70;73;74;95
2020;barthe cyril;B&B Hotels-Vital Concept-2020;91.7867;16027;267.117;184;69;73;66;72;70;63;63;71;73;71;70;69;71;68;96
2020;impey daryl;Mitchelton-Scott-2020;91.8122;16119;268.65;181;70;75;73;74;67;74;75;75;76;74;76;76;75;76;97
2020;van asbroeck tom;Israel Start-Up Nation-2020;91.8894;16397;273.283;182;69;76;61;72;73;65;68;75;74;75;75;69;71;71;98
2020;juul-jensen christopher;Mitchelton-Scott-2020;91.9022;16443;274.05;183;73;74;71;74;68;73;73;66;67;72;76;73;74;76;99
2020;de marchi alessandro;CCC Team-2020;91.9031;16446;274.1;181;65;74;74;73;60;73;73;64;72;75;77;75;75;82;100
2020;boasson-hagen edvald;NTT Pro Cycling-2020;91.9067;16459;274.317;185;75;78;70;76;75;75;77;77;77;75;76;78;73;73;101
2020;ledanois kevin;Arkéa-Samsic-2020;91.9314;16548;275.8;181;62;72;66;67;64;66;66;69;71;71;71;69;71;69;102
2020;nieuwenhuis joris;Team Sunweb-2020;91.9819;16730;278.833;0;0;73;66;76;67;63;63;71;75;69;73;62;71;68;103
2020;venturini clement;AG2R La Mondiale-2020;91.9869;16748;279.133;165;60;75;68;73;72;67;68;74;77;74;74;74;72;72;104
2020;oss daniel;Bora-hansgrohe-2020;92.0142;16846;280.767;190;75;79;63;67;75;73;75;71;70;77;77;74;72;78;105
2020;swift connor;Arkéa-Samsic-2020;92.0344;16919;281.983;190;0;72;65;70;68;66;67;71;72;72;72;68;70;71;106
2020;laporte christophe;Cofidis-2020;92.0764;17070;284.5;189;76;77;63;64;73;71;78;78;77;76;77;78;71;69;107
2020;turgis anthony;Total Direct Energie-2020;92.0839;17097;284.95;178;70;78;64;66;74;69;69;72;74;76;77;68;74;79;108
2020;kreuziger roman;NTT Pro Cycling-2020;92.0919;17126;285.433;183;65;74;76;75;67;70;71;62;69;77;75;73;77;78;109
2020;poels wout;Bahrain-McLaren-2020;92.1244;17243;287.383;183;66;70;79;75;63;74;73;69;76;78;75;79;78;75;110
2020;marcato marco;UAE Team Emirates-2020;92.1478;17327;288.783;174;66;74;64;72;72;63;64;70;70;74;72;71;69;70;111
2020;consonni simone;Cofidis-2020;92.2319;17630;293.833;165;60;74;60;64;68;66;67;76;78;72;76;66;70;67;112
2020;cavagna remi;Deceuninck-Quick Step-2020;92.3142;17926;298.767;186;78;78;70;68;71;76;77;65;67;75;78;73;71;77;113
2020;asgreen kasper;Deceuninck-Quick Step-2020;92.3358;18004;300.067;192;75;79;72;77;75;79;76;72;71;76;79;76;74;75;114
2020;hofstetter hugo;Israel Start-Up Nation-2020;92.3386;18014;300.233;170;65;75;63;64;73;62;63;77;75;75;77;61;71;65;115
2020;cosnefroy benoit;AG2R La Mondiale-2020;92.3467;18043;300.717;179;64;74;70;72;66;68;71;71;77;72;75;62;78;75;116
2020;grellier fabien;Total Direct Energie-2020;92.3603;18092;301.533;175;65;69;69;64;63;62;64;62;67;68;70;70;70;74;117
2020;martin tony;Team Jumbo-Visma-2020;92.4258;18328;305.467;185;75;78;71;78;72;79;77;63;64;74;78;74;69;76;118
2020;theuns edward;Trek-Segafredo-2020;92.4708;18490;308.167;183;72;77;61;70;74;63;72;76;75;77;76;71;70;74;119
2020;politt nils;Israel Start-Up Nation-2020;92.4853;18542;309.033;192;80;80;64;74;78;75;75;73;72;79;79;72;71;79;120
2020;gibbons ryan;NTT Pro Cycling-2020;92.4936;18572;309.533;181;70;73;67;62;65;64;64;75;78;68;73;71;74;64;121
2020;coquard bryan;B&B Hotels-Vital Concept-2020;92.5103;18632;310.533;169;58;74;65;75;69;65;75;78;79;74;75;75;72;65;122
2020;soupe geoffrey;Total Direct Energie-2020;92.5125;18640;310.667;177;70;74;60;71;64;60;70;73;71;69;71;70;65;64;123
2020;pedersen mads;Trek-Segafredo-2020;92.5189;18663;311.05;179;70;78;66;70;76;75;76;74;75;80;78;71;74;77;124
2020;koch jonas;CCC Team-2020;92.5358;18724;312.067;187;75;73;66;66;66;68;69;74;75;72;73;69;72;71;125
2020;arndt nikias;Team Sunweb-2020;92.5544;18791;313.183;188;78;77;69;74;70;74;77;74;76;73;77;76;73;76;126
2020;declercq tim;Deceuninck-Quick Step-2020;92.5825;18892;314.867;190;78;78;66;73;73;67;66;64;61;74;77;68;68;75;127
2020;jansen amund grøndahl;Team Jumbo-Visma-2020;92.6258;19048;317.467;187;83;79;60;67;75;64;71;75;72;77;77;65;71;71;128
2020;rowe luke;INEOS Grenadiers-2020;92.6319;19070;317.833;185;72;79;69;71;75;63;67;72;72;77;78;74;71;75;129
2020;mørkøv michael;Deceuninck-Quick Step-2020;92.7739;19581;326.35;183;71;77;65;72;71;69;70;77;74;76;78;72;70;73;130
2020;burgaudeau mathieu;Total Direct Energie-2020;92.7953;19658;327.633;168;61;67;63;64;62;62;61;63;67;62;64;63;69;68;131
2020;kristoff alexander;UAE Team Emirates-2020;92.8092;19708;328.467;181;78;78;65;76;78;72;77;80;77;80;79;80;70;68;132
2020;russo clement;Arkéa-Samsic-2020;92.8139;19725;328.75;186;73;70;64;63;67;64;64;73;74;62;69;67;70;64;133
2020;walscheid max;NTT Pro Cycling-2020;92.8286;19778;329.633;199;92;76;60;68;67;70;72;78;75;74;77;68;62;67;134
2020;viviani elia;Cofidis-2020;92.835;19801;330.017;178;67;76;63;72;73;67;73;81;82;75;76;75;69;64;135
2020;chevalier maxime;B&B Hotels-Vital Concept-2020;92.8597;19890;331.5;178;60;65;69;66;63;67;65;63;66;67;68;68;66;70;136
2020;reza kevin;B&B Hotels-Vital Concept-2020;92.8617;19897;331.617;186;74;73;66;70;65;65;68;71;71;72;72;73;70;71;137
2020;bennett sam;Deceuninck-Quick Step-2020;92.8772;19953;332.55;178;73;76;61;71;69;62;67;81;81;72;77;75;71;65;138
2020;niv guy;Israel Start-Up Nation-2020;92.9133;20083;334.717;168;58;64;66;72;60;65;63;62;70;65;67;66;69;69;139
2020;bol cees;Team Sunweb-2020;92.9725;20296;338.267;194;83;77;62;68;71;65;71;78;76;75;78;64;69;69;140
2020;bonifazio niccolo;Total Direct Energie-2020;93.0383;20533;342.217;176;72;72;62;79;67;62;66;78;79;72;70;76;69;76;141
2020;de buyst jasper;Lotto-Soudal-2020;93.0533;20587;343.117;178;69;75;62;70;72;67;72;76;76;75;75;74;73;72;142
2020;haller marco;Bahrain-McLaren-2020;93.1089;20787;346.45;178;72;77;63;73;74;62;67;75;75;75;76;71;70;72;143
2020;ewan caleb;Lotto-Soudal-2020;93.175;21025;350.417;165;67;76;61;75;64;68;71;81;83;77;77;77;71;67;144
2020;frison frederik;Lotto-Soudal-2020;93.3647;21708;361.8;194;79;76;60;61;73;73;73;67;65;73;75;68;68;68;145
2020;kluge roger;Lotto-Soudal-2020;93.4519;22022;367.033;192;83;77;60;65;69;68;74;76;75;69;78;76;65;70;146
2020;aru fabio;UAE Team Emirates-2020;487.3347;1440000;24000;183;63;72;78;75;61;73;71;63;72;76;72;73;76;78;1000
2020;bardet romain;AG2R La Mondiale-2020;487.3347;1440000;24000;184;65;71;79;80;64;72;71;63;76;77;73;79;78;80;1000
2020;bernal egan;INEOS Grenadiers-2020;487.3347;1440000;24000;174;60;73;82;76;62;73;72;68;78;75;73;79;76;75;1000
2020;bewley sam;Mitchelton-Scott-2020;487.3347;1440000;24000;191;81;71;63;65;61;69;71;61;65;65;68;68;63;65;1000
2020;bonnet william;Groupama-FDJ-2020;487.3347;1440000;24000;185;78;72;62;73;68;67;70;71;70;72;69;71;65;61;1000
2020;calmejane lilian;Total Direct Energie-2020;487.3347;1440000;24000;184;69;74;74;74;69;69;72;71;76;74;76;72;77;81;1000
2020;castroviejo jonathan;INEOS Grenadiers-2020;487.3347;1440000;24000;171;62;75;74;66;63;78;77;65;70;73;76;75;73;70;1000
2020;cousin jerome;Total Direct Energie-2020;487.3347;1440000;24000;180;74;71;67;69;66;68;67;70;71;68;71;68;71;73;1000
2020;cras steff;Lotto-Soudal-2020;487.3347;1440000;24000;183;64;69;75;68;60;65;67;63;68;71;71;66;73;68;1000
2020;debusschere jens;B&B Hotels-Vital Concept-2020;487.3347;1440000;24000;183;78;76;60;72;75;63;68;75;72;76;74;73;70;73;1000
2020;degenkolb john;Lotto-Soudal-2020;487.3347;1440000;24000;180;77;77;67;76;77;66;76;79;77;78;78;79;69;70;1000
2020;formolo davide;UAE Team Emirates-2020;487.3347;1440000;24000;181;62;73;77;69;60;72;72;69;76;79;76;74;78;77;1000
2020;gaudu david;Groupama-FDJ-2020;487.3347;1440000;24000;173;53;67;78;68;62;70;69;68;78;77;72;73;79;72;1000
2020;gilbert philippe;Lotto-Soudal-2020;487.3347;1440000;24000;179;69;78;71;76;79;73;74;73;76;80;79;72;76;81;1000
2020;gogl michael;NTT Pro Cycling-2020;487.3347;1440000;24000;186;70;73;68;69;68;68;67;68;69;74;74;70;74;75;1000
2020;greipel andre;Israel Start-Up Nation-2020;487.3347;1440000;24000;184;75;74;63;74;73;65;73;78;75;73;75;77;66;70;1000
2020;higuita sergio;EF Pro Cycling-2020;487.3347;1440000;24000;166;57;72;77;74;60;69;71;71;77;72;74;70;78;76;1000
2020;izagirre ion;Astana Pro Team-2020;487.3347;1440000;24000;173;60;73;77;79;69;74;75;66;74;76;74;72;78;76;1000
2020;kung stefan;Groupama-FDJ-2020;487.3347;1440000;24000;193;83;80;71;73;76;76;80;68;69;79;79;74;73;77;1000
2020;latour pierre;AG2R La Mondiale-2020;487.3347;1440000;24000;180;66;69;77;71;64;74;75;66;70;75;77;73;76;80;1000
2020;mollema bauke;Trek-Segafredo-2020;487.3347;1440000;24000;181;64;72;78;72;65;74;73;67;73;76;75;73;79;79;1000
2020;muhlberger gregor;Bora-hansgrohe-2020;487.3347;1440000;24000;180;64;74;75;68;70;69;69;69;70;73;75;76;75;74;1000
2020;nieve mikel;Mitchelton-Scott-2020;487.3347;1440000;24000;173;62;68;78;69;63;69;67;61;70;74;72;76;77;76;1000
2020;nizzolo giacomo;NTT Pro Cycling-2020;487.3347;1440000;24000;184;72;76;62;75;71;62;75;80;80;75;76;76;70;62;1000
2020;perez anthony;Cofidis-2020;487.3347;1440000;24000;190;70;70;71;69;64;72;71;70;74;72;70;71;74;70;1000
2020;postlberger lukas;Bora-hansgrohe-2020;487.3347;1440000;24000;182;70;76;67;68;75;71;73;64;70;70;76;70;73;76;1000
2020;pozzovivo domenico;NTT Pro Cycling-2020;487.3347;1440000;24000;165;53;68;78;76;64;72;71;61;76;75;72;78;78;77;1000
2020;rosa diego;Arkéa-Samsic-2020;487.3347;1440000;24000;178;65;69;75;76;60;68;70;66;76;78;75;72;77;74;1000
2020;valls rafael;Bahrain-McLaren-2020;487.3347;1440000;24000;179;59;66;74;67;60;66;67;60;71;72;72;73;74;77;1000
2020;zakarin ilnur;CCC Team-2020;487.3347;1440000;24000;187;67;70;78;63;64;74;75;67;75;75;73;76;76;79;1000
2021;pogacar tadej;UAE Team Emirates-2021;82.9433;0;0;176;66;73;83;75;65;76;77;70;76;79;75;83;80;82;1
2021;vingegaard jonas;Jumbo-Visma-2021;83.0322;320;5.333;175;60;72;79;76;61;74;75;69;74;72;76;71;78;73;2
2021;carapaz richard;INEOS Grenadiers-2021;83.0608;423;7.05;170;62;72;82;76;62;72;72;68;76;72;74;80;77;79;3
2021;o'connor ben;AG2R Citroën Team-2021;83.1106;602;10.033;188;66;73;78;73;62;73;72;65;71;67;76;74;75;77;4
2021;kelderman wilco;BORA-hansgrohe-2021;83.1136;613;10.217;185;65;74;79;72;66;75;74;68;73;72;75;72;78;75;5
2021;mas enric;Movistar Team-2021;83.1386;703;11.717;177;61;73;80;73;64;74;73;69;72;71;76;79;76;75;6
2021;lutsenko alexey;Astana-Premier Tech-2021;83.1497;743;12.383;174;74;77;76;81;73;75;76;71;75;74;79;70;77;80;7
2021;martin guillaume;Cofidis-2021;83.2025;933;15.55;173;55;72;79;70;62;69;68;70;77;76;73;73;79;79;8
2021;bilbao pello;Bahrain Victorious-2021;83.2111;964;16.067;174;60;72;79;79;62;73;74;69;75;72;75;80;77;79;9
2021;uran rigoberto;EF Education-NIPPO-2021;83.2528;1114;18.567;173;63;72;80;76;65;74;73;67;73;75;75;79;77;76;10
2021;gaudu david;Groupama-FDJ-2021;83.3072;1310;21.833;173;53;69;78;69;62;71;70;68;77;78;73;74;81;78;11
2021;cattaneo mattia;Deceuninck-Quick Step-2021;83.3594;1498;24.967;184;67;72;74;71;66;75;74;63;69;73;75;73;76;77;12
2021;chaves esteban;Team BikeExchange-2021;83.5733;2268;37.8;164;55;70;80;75;61;71;70;66;77;76;72;70;79;78;13
2021;meintjes louis;Intermarché-Wanty-Gobert-2021;83.5792;2289;38.15;173;61;68;76;67;60;69;68;61;72;71;70;74;75;73;14
2021;paret-peintre aurelien;AG2R Citroën Team-2021;83.5958;2349;39.15;184;64;74;75;71;65;72;72;72;76;73;75;72;76;74;15
2021;poels wout;Bahrain Victorious-2021;83.7864;3035;50.583;183;66;72;78;75;63;74;73;69;75;79;75;75;77;74;16
2021;teuns dylan;Bahrain Victorious-2021;83.8044;3100;51.667;181;64;76;76;70;77;74;74;67;77;75;76;75;79;76;17
2021;guerreiro ruben;EF Education-NIPPO-2021;83.8461;3250;54.167;178;67;74;75;71;67;68;65;69;76;73;75;73;77;78;18
2021;van aert wout;Jumbo-Visma-2021;83.8939;3422;57.033;187;78;81;76;82;82;81;81;81;77;81;81;81;77;80;19
2021;mollema bauke;Trek-Segafredo-2021;83.9817;3738;62.3;181;64;72;77;72;65;74;73;69;72;78;76;70;81;78;20
2021;henao sergio;Team Qhubeka NextHash-2021;83.9967;3792;63.2;170;61;69;75;75;62;71;71;64;76;75;72;72;76;74;21
2021;bonnamour franck;B&B Hotels p/b KTM-2021;84.0197;3875;64.583;180;70;69;69;65;64;60;60;68;71;69;69;61;74;73;22
2021;castroviejo jonathan;INEOS Grenadiers-2021;84.0489;3980;66.333;171;62;75;77;70;64;76;75;65;70;73;76;78;75;72;23
2021;valverde alejandro;Movistar Team-2021;84.0739;4070;67.833;177;61;75;78;79;75;72;72;72;75;75;76;76;82;75;24
2021;higuita sergio;EF Education-NIPPO-2021;84.0978;4156;69.267;166;57;72;78;74;62;71;73;72;79;70;72;68;80;76;25
2021;izagirre ion;Astana-Premier Tech-2021;84.3375;5019;83.65;173;60;73;77;79;69;75;75;68;74;75;74;69;78;76;26
2021;konrad patrick;BORA-hansgrohe-2021;84.395;5226;87.1;180;65;71;76;70;63;73;72;70;75;74;74;75;79;72;27
2021;quintana nairo;Team Arkéa-Samsic-2021;84.4964;5591;93.183;167;59;72;81;74;66;71;70;62;75;74;73;75;76;76;28
2021;meurisse xandro;Alpecin-Fenix-2021;84.6233;6048;100.8;181;65;74;74;70;75;68;69;72;77;75;74;73;76;74;29
2021;alaphilippe julian;Deceuninck-Quick Step-2021;84.6617;6186;103.1;173;62;74;76;81;76;75;75;73;80;76;76;75;83;82;30
2021;mohoric matej;Bahrain Victorious-2021;84.7778;6604;110.067;185;72;78;72;83;74;72;74;73;76;79;79;73;79;82;31
2021;kuss sepp;Jumbo-Visma-2021;84.7778;6604;110.067;180;64;70;81;70;61;66;64;62;73;70;72;76;75;75;32
2021;buchmann emanuel;BORA-hansgrohe-2021;84.7947;6665;111.083;181;59;72;82;72;65;73;72;60;70;74;76;77;76;77;33
2021;majka rafal;UAE Team Emirates-2021;84.8444;6844;114.067;173;62;69;78;73;64;72;71;64;74;74;72;70;76;76;34
2021;pacher quentin;B&B Hotels p/b KTM-2021;84.8694;6934;115.567;179;62;71;72;69;60;63;65;70;74;72;73;69;75;73;35
2021;elissonde kenny;Trek-Segafredo-2021;84.8858;6993;116.55;169;52;67;76;68;60;66;66;61;74;71;72;74;75;76;36
2021;bernard julien;Trek-Segafredo-2021;85.0022;7412;123.533;176;60;71;74;68;64;69;70;69;72;69;73;74;72;76;37
2021;porte richie;INEOS Grenadiers-2021;85.0542;7599;126.65;172;62;73;81;71;62;75;74;62;73;72;74;74;77;78;38
2021;stuyven jasper;Trek-Segafredo-2021;85.0708;7659;127.65;186;78;80;68;70;80;69;71;76;76;79;80;74;73;82;39
2021;martin daniel;Israel Start-Up Nation-2021;85.1031;7775;129.583;175;59;70;79;69;63;71;70;68;75;74;73;76;80;81;40
2021;thomas geraint;INEOS Grenadiers-2021;85.1369;7897;131.617;183;71;77;81;70;73;78;79;68;71;75;77;78;76;76;41
2021;madouas valentin;Groupama-FDJ-2021;85.1375;7899;131.65;174;59;76;75;73;75;65;67;71;73;76;77;75;78;77;42
2021;powless neilson;EF Education-NIPPO-2021;85.1692;8013;133.55;183;67;73;75;71;64;73;72;69;70;70;74;71;74;75;43
2021;formolo davide;UAE Team Emirates-2021;85.2089;8156;135.933;181;62;74;77;71;67;72;72;69;76;80;77;70;81;79;44
2021;donovan mark;Team DSM-2021;85.2378;8260;137.667;186;0;72;74;68;62;67;69;63;71;70;73;70;73;72;45
2021;rodriguez cristian;Team TotalEnergies-2021;85.2686;8371;139.517;177;56;67;76;63;60;61;61;65;71;68;71;72;73;69;46
2021;latour pierre;Team TotalEnergies-2021;85.27;8376;139.6;180;66;69;77;71;64;74;75;66;70;74;77;71;76;80;47
2021;bakelants jan;Intermarché-Wanty-Gobert-2021;85.3017;8490;141.5;177;67;74;73;72;68;71;71;69;74;73;75;72;74;77;48
2021;kung stefan;Groupama-FDJ-2021;85.3108;8523;142.05;193;83;81;70;73;77;80;82;68;69;81;80;77;72;79;49
2021;politt nils;BORA-hansgrohe-2021;85.3222;8564;142.733;192;80;81;64;74;79;75;75;73;72;80;80;73;70;81;50
2021;rolland pierre;B&B Hotels p/b KTM-2021;85.3297;8591;143.183;184;70;71;76;65;61;64;65;61;72;70;72;75;74;80;51
2021;colbrelli sonny;Bahrain Victorious-2021;85.3542;8679;144.65;176;74;77;70;73;76;68;73;76;79;76;78;75;77;72;52
2021;valgren michael;EF Education-NIPPO-2021;85.3811;8776;146.267;179;71;76;72;74;77;74;74;70;75;77;77;74;76;76;53
2021;van baarle dylan;INEOS Grenadiers-2021;85.3953;8827;147.117;187;78;79;73;71;79;75;76;71;73;79;79;77;72;77;54
2021;rutsch jonas;EF Education-NIPPO-2021;85.4358;8973;149.55;197;82;73;66;66;68;73;76;67;68;69;73;63;69;70;55
2021;cort magnus;EF Education-NIPPO-2021;85.4497;9023;150.383;183;68;76;73;69;74;71;72;75;76;75;76;75;75;80;56
2021;fraile omar;Astana-Premier Tech-2021;85.4639;9074;151.233;183;72;75;75;75;63;69;68;72;75;72;77;72;74;78;57
2021;schar michael;AG2R Citroën Team-2021;85.5317;9318;155.3;198;78;75;71;70;73;70;68;67;67;71;74;74;71;74;58
2021;dillier silvan;Alpecin-Fenix-2021;85.5386;9343;155.717;183;75;77;68;68;76;73;74;72;72;78;77;71;73;76;59
2021;geoghegan hart tao;INEOS Grenadiers-2021;85.5606;9422;157.033;183;65;73;80;73;63;73;72;67;74;72;74;74;77;76;60
2021;gesbert elie;Team Arkéa-Samsic-2021;85.5844;9508;158.467;181;63;69;75;65;62;63;65;66;69;67;72;73;74;77;61
2021;geschke simon;Cofidis-2021;85.5908;9531;158.85;171;64;72;73;76;64;73;72;67;71;72;76;74;76;76;62
2021;rota lorenzo;Intermarché-Wanty-Gobert-2021;85.6092;9597;159.95;172;59;70;73;67;63;63;64;68;73;73;72;67;76;71;63
2021;asgreen kasper;Deceuninck-Quick Step-2021;85.6714;9821;163.683;192;75;82;71;77;80;80;77;73;72;82;82;77;74;82;64
2021;van moer brent;Lotto Soudal-2021;85.6736;9829;163.817;190;79;75;64;69;69;71;71;66;71;72;75;68;70;74;65
2021;houle hugo;Astana-Premier Tech-2021;85.6875;9879;164.65;185;71;74;71;66;71;72;73;70;69;73;72;71;74;69;66
2021;erviti imanol;Movistar Team-2021;85.7619;10147;169.117;189;82;75;70;74;72;70;69;64;65;74;73;71;72;68;67
2021;kwiatkowski michal;INEOS Grenadiers-2021;85.7661;10162;169.367;176;68;77;74;80;74;76;78;72;75;80;78;76;79;74;68
2021;mcnulty brandon;UAE Team Emirates-2021;85.7914;10253;170.883;183;69;72;77;68;61;77;77;69;71;70;75;72;75;73;69
2021;naesen oliver;AG2R Citroën Team-2021;85.8169;10345;172.417;184;72;80;70;68;80;64;67;74;73;79;80;72;74;75;70
2021;skujins toms;Trek-Segafredo-2021;85.8256;10376;172.933;178;70;72;73;75;67;72;72;69;75;73;76;74;77;77;71
2021;de la parte victor;Team TotalEnergies-2021;85.8511;10468;174.467;181;64;67;75;66;60;70;71;64;68;70;72;73;73;74;72
2021;turgis anthony;Team TotalEnergies-2021;85.8742;10551;175.85;178;70;79;64;68;79;69;69;72;75;79;77;68;75;79;73
2021;aranburu alex;Astana-Premier Tech-2021;85.8889;10604;176.733;178;63;75;72;76;67;71;73;72;77;75;75;69;78;75;74
2021;godon dorian;AG2R Citroën Team-2021;85.8964;10631;177.183;190;73;76;71;70;71;70;74;71;72;75;77;71;76;68;75
2021;teunissen mike;Jumbo-Visma-2021;85.9169;10705;178.417;184;73;80;65;72;78;69;76;78;76;79;77;70;70;72;76
2021;costa rui;UAE Team Emirates-2021;85.9181;10709;178.483;183;69;73;77;76;64;73;72;70;75;76;74;70;78;76;77
2021;doubey fabien;Team TotalEnergies-2021;85.9892;10965;182.75;174;62;69;74;64;61;62;62;69;70;67;71;70;73;78;78
2021;matthews michael;Team BikeExchange-2021;86.0017;11010;183.5;178;72;78;70;76;75;73;78;77;79;76;78;79;78;71;79
2021;zimmermann georg;Intermarché-Wanty-Gobert-2021;86.04;11148;185.8;180;70;73;72;66;64;64;66;68;75;70;72;68;74;74;80
2021;gautier cyril;B&B Hotels p/b KTM-2021;86.085;11310;188.5;169;65;70;69;69;63;66;66;68;74;71;71;72;74;78;81
2021;de gendt thomas;Lotto Soudal-2021;86.0894;11326;188.767;177;69;75;75;76;67;74;73;66;73;71;80;76;74;83;82
2021;armirail bruno;Groupama-FDJ-2021;86.1094;11398;189.967;190;69;72;73;68;62;74;73;63;67;65;74;73;74;75;83
2021;fernandez ruben;Cofidis-2021;86.1219;11443;190.717;177;60;70;74;70;60;68;69;64;73;67;73;67;76;75;84
2021;sweeny harry;Lotto Soudal-2021;86.1244;11452;190.867;186;75;72;65;65;65;70;68;68;69;67;72;67;70;72;85
2021;perez anthony;Cofidis-2021;86.1256;11456;190.933;190;70;70;71;69;64;72;71;70;74;71;70;71;74;70;86
2021;herrada jesus;Cofidis-2021;86.1308;11475;191.25;183;70;73;77;74;63;74;75;71;75;71;75;73;78;75;87
2021;barthe cyril;B&B Hotels p/b KTM-2021;86.1519;11551;192.517;184;67;73;67;72;70;63;63;71;74;70;70;69;73;68;88
2021;swift connor;Team Arkéa-Samsic-2021;86.1733;11628;193.8;190;75;76;65;70;72;68;72;71;72;74;75;72;70;71;89
2021;arcas jorge;Movistar Team-2021;86.1881;11681;194.683;187;68;71;69;72;68;69;70;67;69;67;71;67;71;69;90
2021;laporte christophe;Cofidis-2021;86.1942;11703;195.05;189;76;78;64;70;78;71;78;78;77;76;78;78;74;71;91
2021;perichon pierre-luc;Cofidis-2021;86.2175;11787;196.45;182;69;74;72;69;68;69;68;71;72;73;74;75;74;80;92
2021;chevalier maxime;B&B Hotels p/b KTM-2021;86.225;11814;196.9;178;60;66;72;66;63;67;65;63;69;67;69;70;70;70;93
2021;garcia cortina ivan;Movistar Team-2021;86.3003;12085;201.417;183;77;79;66;69;77;71;72;76;77;76;78;77;74;79;94
2021;rickaert jonas;Alpecin-Fenix-2021;86.32;12156;202.6;187;83;77;60;68;73;69;70;73;71;74;74;61;63;70;95
2021;wright fred;Bahrain Victorious-2021;86.3486;12259;204.317;184;75;73;68;60;68;68;71;73;74;68;74;70;69;72;96
2021;van avermaet greg;AG2R Citroën Team-2021;86.3514;12269;204.483;181;74;79;72;72;81;71;78;73;77;80;79;74;75;79;97
2021;hirschi marc;UAE Team Emirates-2021;86.3539;12278;204.633;174;61;76;75;80;74;71;72;74;76;80;79;74;82;81;98
2021;gilbert philippe;Lotto Soudal-2021;86.3994;12442;207.367;179;69;77;69;76;80;73;74;73;76;80;79;73;76;81;99
2021;durbridge luke;Team BikeExchange-2021;86.4114;12485;208.083;187;78;79;69;72;76;78;77;66;68;75;78;71;71;74;100
2021;verona carlos;Movistar Team-2021;86.4211;12520;208.667;186;68;71;76;75;63;68;68;65;69;71;73;76;75;75;101
2021;mezgec luka;Team BikeExchange-2021;86.4481;12617;210.283;183;72;76;69;72;72;64;68;77;77;73;76;76;73;65;102
2021;bissegger stefan;EF Education-NIPPO-2021;86.4697;12695;211.583;178;78;76;63;75;73;77;82;74;74;74;78;63;71;69;103
2021;theuns edward;Trek-Segafredo-2021;86.5019;12811;213.517;183;72;79;62;70;74;63;72;77;76;75;77;72;70;74;104
2021;boivin guillaume;Israel Start-Up Nation-2021;86.505;12822;213.7;180;78;75;65;67;68;62;66;73;72;73;74;70;71;74;105
2021;sbaragli kristian;Alpecin-Fenix-2021;86.5153;12859;214.317;175;70;73;67;71;65;60;65;72;74;76;73;71;76;71;106
2021;cosnefroy benoit;AG2R Citroën Team-2021;86.525;12894;214.9;179;64;74;72;74;69;68;71;71;77;76;75;69;82;75;107
2021;ballerini davide;Deceuninck-Quick Step-2021;86.5303;12913;215.217;183;77;76;70;71;74;65;66;79;79;72;76;71;75;75;108
2021;philipsen jasper;Alpecin-Fenix-2021;86.6464;13331;222.183;176;69;77;64;69;72;69;71;79;78;75;76;76;70;67;109
2021;bjerg mikkel;UAE Team Emirates-2021;86.6492;13341;222.35;191;78;76;72;68;70;76;75;68;68;71;76;66;72;73;110
2021;pedersen casper;Team DSM-2021;86.6578;13372;222.867;186;74;76;63;68;71;72;72;73;74;73;75;63;69;72;111
2021;laengen vegard stake;UAE Team Emirates-2021;86.6692;13413;223.55;195;79;74;72;71;67;74;72;62;65;71;74;70;71;72;112
2021;gruzdev dmitriy;Astana-Premier Tech-2021;86.6903;13489;224.817;182;72;74;63;66;68;73;72;62;64;67;74;71;69;73;113
2021;juul-jensen christopher;Team BikeExchange-2021;86.6953;13507;225.117;183;73;74;71;74;68;73;73;66;67;71;76;73;74;76;114
2021;oss daniel;BORA-hansgrohe-2021;86.7247;13613;226.883;190;75;80;65;67;76;73;75;71;70;79;77;75;71;78;115
2021;postlberger lukas;BORA-hansgrohe-2021;86.73;13632;227.2;182;70;78;67;68;75;72;74;64;70;69;77;71;73;78;116
2021;van poppel boy;Intermarché-Wanty-Gobert-2021;86.7836;13825;230.417;185;75;75;60;74;70;60;67;73;71;71;73;70;65;65;117
2021;vakoc petr;Alpecin-Fenix-2021;86.795;13866;231.1;180;68;74;69;66;68;69;71;72;72;71;74;67;75;74;118
2021;schelling ide;BORA-hansgrohe-2021;86.7978;13876;231.267;182;66;75;74;72;72;72;74;74;75;76;75;73;77;76;119
2021;van poppel danny;Intermarché-Wanty-Gobert-2021;86.8247;13973;232.883;184;78;77;60;70;74;65;75;77;78;75;75;72;70;68;120
2021;walscheid max;Team Qhubeka NextHash-2021;86.8281;13985;233.083;199;92;78;60;68;73;74;76;78;75;73;77;76;62;67;121
2021;goldstein omer;Israel Start-Up Nation-2021;86.8672;14126;235.433;174;61;68;70;65;60;62;62;64;65;64;68;65;68;64;122
2021;clarke simon;Team Qhubeka NextHash-2021;86.8789;14168;236.133;175;63;74;72;77;69;69;68;72;75;77;75;72;78;77;123
2021;barbero carlos;Team Qhubeka NextHash-2021;86.9489;14420;240.333;178;66;74;67;71;72;62;65;74;76;74;73;66;73;68;124
2021;greipel andre;Israel Start-Up Nation-2021;86.9672;14486;241.433;184;75;75;63;74;73;65;73;78;75;72;75;77;66;70;125
2021;eekhoff nils;Team DSM-2021;86.9889;14564;242.733;191;75;76;60;65;71;71;72;75;74;74;74;67;70;71;126
2021;haller marco;Bahrain Victorious-2021;86.9936;14581;243.017;178;72;78;63;73;78;62;67;75;75;77;77;71;70;74;127
2021;nieuwenhuis joris;Team DSM-2021;86.9994;14602;243.367;185;71;76;66;77;73;63;63;72;75;72;75;70;71;68;128
2021;simon julien;Team TotalEnergies-2021;87.0403;14749;245.817;176;65;72;68;72;62;63;65;72;73;75;74;71;75;73;129
2021;bennett sean;Team Qhubeka NextHash-2021;87.0717;14862;247.7;178;66;71;68;69;65;66;69;71;74;68;68;67;72;68;130
2021;wallays jelle;Cofidis-2021;87.1061;14986;249.767;185;77;77;65;73;74;70;73;67;68;74;76;71;70;78;131
2021;cabot jeremy;Team TotalEnergies-2021;87.1364;15095;251.583;192;76;71;70;71;65;70;68;69;70;71;73;66;69;69;132
2021;froome chris;Israel Start-Up Nation-2021;87.1436;15121;252.017;186;66;73;78;77;68;75;71;64;72;73;73;80;74;76;133
2021;zabel rick;Israel Start-Up Nation-2021;87.1619;15187;253.117;184;72;75;60;75;68;64;65;75;75;70;73;72;69;65;134
2021;devenyns dries;Deceuninck-Quick Step-2021;87.2903;15649;260.817;177;64;75;73;71;73;69;73;61;70;74;76;72;74;73;135
2021;hollenstein reto;Israel Start-Up Nation-2021;87.3486;15859;264.317;197;80;73;70;67;70;72;73;68;67;72;72;72;70;72;136
2021;pedersen mads;Trek-Segafredo-2021;87.4314;16157;269.283;179;70;80;68;72;78;75;78;80;78;82;79;81;74;78;137
2021;mørkøv michael;Deceuninck-Quick Step-2021;87.4892;16365;272.75;183;71;78;65;72;70;69;70;78;75;76;78;75;70;73;138
2021;cavendish mark;Deceuninck-Quick Step-2021;87.5139;16454;274.233;175;70;74;60;77;66;64;70;78;80;70;74;70;64;64;139
2021;bol cees;Team DSM-2021;87.5542;16599;276.65;194;83;78;61;68;72;65;71;80;76;74;77;70;69;69;140
2021;declercq tim;Deceuninck-Quick Step-2021;87.9625;18069;301.15;190;78;79;66;73;73;67;66;64;61;73;77;68;68;75;141
2021;andersen søren kragh;Team DSM-2021;482.9433;1440000;24000;178;73;81;72;73;76;77;79;73;74;79;81;80;74;80;1000
2021;barguil warren;Team Arkéa-Samsic-2021;482.9433;1440000;24000;182;61;73;77;77;70;69;70;68;76;75;74;77;80;79;1000
2021;benoot tiesj;Team DSM-2021;482.9433;1440000;24000;190;72;78;76;66;79;70;71;70;74;78;78;73;78;80;1000
2021;boasson-hagen edvald;Team TotalEnergies-2021;482.9433;1440000;24000;185;75;78;69;76;76;75;77;77;77;74;77;78;73;73;1000
2021;bouhanni nacer;Team Arkéa-Samsic-2021;482.9433;1440000;24000;175;65;74;61;70;65;61;68;79;79;72;73;74;69;62;1000
2021;campenaerts victor;Team Qhubeka NextHash-2021;482.9433;1440000;24000;173;73;76;71;70;68;80;79;69;71;72;77;75;72;78;1000
2021;coquard bryan;B&B Hotels p/b KTM-2021;482.9433;1440000;24000;171;59;74;65;75;69;65;75;78;79;73;75;75;72;65;1000
2021;de bod stefan;Astana-Premier Tech-2021;482.9433;1440000;24000;182;66;69;74;62;62;75;74;62;68;66;72;64;72;67;1000
2021;de buyst jasper;Lotto Soudal-2021;482.9433;1440000;24000;178;69;75;62;70;74;67;72;76;76;74;76;74;73;72;1000
2021;delaplace anthony;Team Arkéa-Samsic-2021;482.9433;1440000;24000;181;65;73;68;65;66;72;72;65;68;70;73;70;73;78;1000
2021;demare arnaud;Groupama-FDJ-2021;482.9433;1440000;24000;182;78;79;64;78;75;71;75;81;79;77;79;79;69;66;1000
2021;dlamini nicholas;Team Qhubeka NextHash-2021;482.9433;1440000;24000;177;66;69;64;65;63;66;66;67;69;66;67;68;68;75;1000
2021;ewan caleb;Lotto Soudal-2021;482.9433;1440000;24000;165;67;76;61;75;64;68;71;81;83;76;76;78;71;67;1000
2021;fuglsang jakob;Astana-Premier Tech-2021;482.9433;1440000;24000;181;65;75;78;78;73;72;73;70;75;81;78;66;81;81;1000
2021;gesink robert;Jumbo-Visma-2021;482.9433;1440000;24000;189;70;73;76;67;65;73;72;67;67;74;77;76;74;78;1000
2021;gogl michael;Team Qhubeka NextHash-2021;482.9433;1440000;24000;186;70;75;71;81;72;68;67;70;72;74;76;70;77;75;1000
2021;guarnieri jacopo;Groupama-FDJ-2021;482.9433;1440000;24000;189;78;75;60;72;71;62;63;73;73;70;72;71;65;63;1000
2021;haig jack;Bahrain Victorious-2021;482.9433;1440000;24000;190;67;72;77;70;64;70;72;71;74;75;75;71;77;76;1000
2021;hamilton lucas;Team BikeExchange-2021;482.9433;1440000;24000;180;0;72;78;70;60;71;70;64;73;65;74;73;75;73;1000
2021;jansen amund grøndahl;Team BikeExchange-2021;482.9433;1440000;24000;187;83;79;66;67;75;64;71;75;72;76;77;70;71;71;1000
2021;kluge roger;Lotto Soudal-2021;482.9433;1440000;24000;192;83;78;60;65;69;69;75;76;75;68;78;76;65;70;1000
2021;koch jonas;Intermarché-Wanty-Gobert-2021;482.9433;1440000;24000;187;75;74;66;66;70;68;69;74;75;71;73;69;72;71;1000
2021;konovalovas ignatas;Groupama-FDJ-2021;482.9433;1440000;24000;190;75;73;62;65;71;72;71;60;64;69;72;68;66;72;1000
2021;kruijswijk steven;Jumbo-Visma-2021;482.9433;1440000;24000;178;63;72;81;68;65;74;73;62;71;73;75;82;75;79;1000
2021;lemoine cyril;B&B Hotels p/b KTM-2021;482.9433;1440000;24000;182;73;74;62;73;72;70;69;72;71;71;72;68;68;65;1000
2021;lopez miguel angel;Movistar Team-2021;482.9433;1440000;24000;164;59;71;82;73;62;71;72;66;75;72;75;76;76;77;1000
2021;martin tony;Jumbo-Visma-2021;482.9433;1440000;24000;185;75;80;71;78;72;76;75;63;64;73;78;75;69;76;1000
2021;mclay daniel;Team Arkéa-Samsic-2021;482.9433;1440000;24000;185;72;75;60;68;67;66;69;76;79;70;75;64;66;66;1000
2021;merlier tim;Alpecin-Fenix-2021;482.9433;1440000;24000;186;74;75;60;77;72;60;62;81;81;71;75;62;66;63;1000
2021;nibali vincenzo;Trek-Segafredo-2021;482.9433;1440000;24000;181;65;73;78;82;71;73;72;65;72;78;74;82;76;79;1000
2021;peters nans;AG2R Citroën Team-2021;482.9433;1440000;24000;177;72;74;75;73;66;65;68;64;69;72;76;71;75;76;1000
2021;roglic primoz;Jumbo-Visma-2021;482.9433;1440000;24000;177;65;74;82;75;64;78;77;71;78;76;77;75;81;80;1000
2021;rowe luke;INEOS Grenadiers-2021;482.9433;1440000;24000;185;72;80;69;71;75;63;67;72;72;78;79;75;71;75;1000
2021;russo clement;Team Arkéa-Samsic-2021;482.9433;1440000;24000;186;73;74;64;63;74;64;64;73;72;73;74;70;70;66;1000
2021;sagan peter;BORA-hansgrohe-2021;482.9433;1440000;24000;184;78;81;70;81;79;73;78;79;80;79;80;80;73;76;1000
2021;scotson miles;Groupama-FDJ-2021;482.9433;1440000;24000;189;74;75;63;74;66;74;77;70;70;67;76;75;68;75;1000
2021;soler marc;Movistar Team-2021;482.9433;1440000;24000;186;68;75;78;70;69;75;73;65;72;69;75;75;75;76;1000
2021;sutterlin jasha;Team DSM-2021;482.9433;1440000;24000;184;78;77;70;73;74;76;76;74;72;73;76;74;72;75;1000
2021;van der poel mathieu;Alpecin-Fenix-2021;482.9433;1440000;24000;178;75;82;68;82;82;75;77;77;83;80;80;66;80;83;1000
2021;van der sande tosh;Lotto Soudal-2021;482.9433;1440000;24000;178;64;74;70;71;69;63;62;72;76;72;76;72;75;77;1000
2021;vliegen loic;Intermarché-Wanty-Gobert-2021;482.9433;1440000;24000;183;66;75;70;66;74;63;65;72;73;73;76;68;76;78;1000
2021;woods michael;Israel Start-Up Nation-2021;482.9433;1440000;24000;175;64;73;79;63;64;68;67;68;72;81;77;70;82;79;1000
2021;yates simon;Team BikeExchange-2021;482.9433;1440000;24000;172;58;71;82;74;64;72;73;67;76;73;74;73;77;81;1000
